NAME,CHARTER,COMPANY_TYPE,LOCATION,STATE,CREATION_DATE,REGISTERED_AGENT
"""NEW CINGULAR WIRELESS PCS, LLC""",FL0033115,Limited Liability Company,Foreign,DE,11/12/1999,C T CORPORATION SYSTEM
1st Advantage Bank,K00002885,Bank,Domestic,MO,1/19/2005,(Regulated by the Division of Finance)
3A Composites USA Inc.,00294297,Gen. Business - For Profit,Domestic,MO,10/10/1986,CSC-LAWYERS INCORPORATING SERVICE COMPANY
5015 RAYTOWN ROAD LIMITED,00350549,Gen. Business - For Profit,Domestic,MO,3/4/1991,CLAUD RUTHERFORD
"A & A PRODUCTIONS, L.L.C.",LC0012107,Limited Liability Company,Domestic,MO,3/31/1997,VICTOR C ALMEN
"A & A, INC.",00389655,Gen. Business - For Profit,Domestic,MO,12/23/1993,JOHN M. BERRY
A & D BOOTH COMPANY,00374191,Gen. Business - For Profit,Domestic,MO,12/14/1992,"Dudley, Julie Ann"
"A & J.G., INC.",00234966,Gen. Business - For Profit,Domestic,MO,9/28/1981,"Goldman, Jay"
"A & R DENTAL LAB, INC.",00362019,Gen. Business - For Profit,Domestic,MO,1/28/1992,ALLEN PFLUEGER
"A & S ELECTRIC, INC.",F00328894,Gen. Business - For Profit,Foreign,KS,6/7/1989,Rex McCormick
"A & S HELICOPTERS, INC.",00208947,Gen. Business - For Profit,Domestic,MO,3/26/1979,"Bortscheller, Steven"
"A A AUTOMOTIVE CO., INC.",00183668,Gen. Business - For Profit,Domestic,MO,5/19/1976,"Douthitt, Rickie  "
"A AL'S AUTO SALVAGE & SALES, INC.",00170897,Gen. Business - For Profit,Domestic,MO,8/8/1974,"Glaser, Jr., A Fuller"
A Better Home Inspection LLC,LC1065643,Limited Liability Company,Domestic,MO,6/16/2010,"Sutherland, Edwin"
"A CARING DOCTOR, P.C.",W00441331,Professional Corporation,Foreign,MN,5/15/1997,"NATIONAL REGISTERED AGENTS, INC."
A CHILD SAFE HOME LLC,FL0047284,Limited Liability Company,Foreign,KS,2/1/2001,"Fanska, Janet"
"A D CATTLE & LAND COMPANY, INC.",00344770,Gen. Business - For Profit,Domestic,MO,9/14/1990,GALE GREEN
"A Lil' Special Something, LLC",LC1155563,Limited Liability Company,Domestic,MO,7/13/2011,"Freidel, Shauna"
A M SALON EQUIPMENT CO.,00115092,Gen. Business - For Profit,Domestic,MO,12/29/1964,Keith J Wilson
"A PLUS LAMAR DRY CLEANERS, LLC",FL0067289,Limited Liability Company,Foreign,KS,7/1/2002,RHONDA ENOCHS
A SHURLOCK ASSOCIATES LIMITED PARTNERSHIP II,LP0005487,Limited Partnership,Domestic,MO,10/21/1993,"Rives, Robert E"
"A Smart Property, LLC",LC1290433,Limited Liability Company,Domestic,MO,2/11/2013,"Paschedag, Jeremy Daniel"
"A SPORTING CHANCE, INC.",00247414,Gen. Business - For Profit,Domestic,MO,12/17/1982,LINDA BRENGARTH
"A TOUCH OF NATURE QUALITY CHILD CARE, INC.",00431718,Gen. Business - For Profit,Domestic,MO,9/26/1996,DAVID F. SULLIVAN
"A&W Enterprise Group, LLC",LC0861401,Limited Liability Company,Domestic,MO,12/14/2007,"Wolz, Gary N"
A-1 ANTENNA T.V. SERVICE COMPANY,00173189,Gen. Business - For Profit,Domestic,MO,12/9/1974,JOSEPH MCMILLIAN
A-1 LOCKER RENTAL INC.,00360129,Gen. Business - For Profit,Domestic,MO,12/10/1991,DOUG MUELLER
"A-1 MINI STORAGE, INC.",00239083,Gen. Business - For Profit,Domestic,MO,2/24/1982,"CEN REGISTERED AGENT, INC."
A-1 PUMP & SUPPLY CO.,00360590,Gen. Business - For Profit,Domestic,MO,12/23/1991,RUSSELL N. GUILL
"A-1 Truck and Auto, Inc.",00207588,Gen. Business - For Profit,Domestic,MO,2/5/1979,"MBA AGENT SERVICES, INC."
A-DEC DENTAL EQUIPMENT COMPANY,F00288048,Gen. Business - For Profit,Foreign,OR,4/17/1986,"PACIFIC REGISTERED AGENTS, INC."
"A-LINE, INC.",00260797,Gen. Business - For Profit,Domestic,MO,2/6/1984,JAMES H. ADKINS
"A. & M. PIZZA, INC.",00229103,Gen. Business - For Profit,Domestic,MO,3/17/1981,ARTHUR HURTEAU III
A. & R. BLOCK TRAVEL SERVICE LTD.,00182119,Gen. Business - For Profit,Domestic,MO,3/12/1976,"Lipkind, Joyce"
"A. B. LAKE, INC.",00364839,Gen. Business - For Profit,Domestic,MO,4/6/1992,THOMAS C MCGIFFIN
"A. Brix Florist, Inc.",00061001,Gen. Business - For Profit,Domestic,MO,11/4/1937,ROBERT V. GRIMM
"A. C. OJASCASTRO, INC.",00175062,Gen. Business - For Profit,Domestic,MO,3/21/1975,A. C. OJASCASTRO
"A. D. Consulting, LLC",LC0812852,Limited Liability Company,Domestic,MO,4/27/2007,"Miller, Debby"
"A. E. WOLFE ENVIRONMENTAL SERVICES, INC.",00203701,Gen. Business - For Profit,Domestic,MO,9/5/1978,NORMA L. WOLFE
"A. L. HESTER FARMS, INCORPORATED",00121601,Gen. Business - For Profit,Domestic,MO,8/8/1966,"Degonia, Tanya  "
"A. L. HUBER CONSTRUCTION, INC.",00349624,Gen. Business - For Profit,Domestic,MO,2/5/1991,"Nigro, Michael A"
"A. L. HUBER, INC.",00111124,Gen. Business - For Profit,Domestic,MO,12/18/1963,"Nigro, Michael A"
"A. RASHID QURESHI, INC.",00246208,Gen. Business - For Profit,Domestic,MO,11/3/1982,DR. A. RASHID QURESHI
A. T. STILL UNIVERSITY OF HEALTH SCIENCES,N00023318,Nonprofit Corporation,Domestic,MO,7/22/1926,"REGISTERED AGENT SOLUTIONS, INC."
"A. W. Holdings, LLC - Missouri",FL0834300,Limited Liability Company,Foreign,IN,8/3/2007,C T CORPORATION SYSTEM
A. ZAHNER COMPANY,00116427,Gen. Business - For Profit,Domestic,MO,4/30/1965,CSC-LAWYERS INCORPORATING SERVICE COMPANY
"A.C.S. INVESTIGATIVE SERVICES, INC.",00352111,Gen. Business - For Profit,Domestic,MO,4/15/1991,ROBERT WYSONG
"A.O. ENTERPRISES, L.P.",LP0012986,Limited Partnership,Domestic,MO,9/20/2001,JOSEPH J. FERGUSON
A.R.C. ACCOUNTS RECOVERY (U.S.A.) LLC,FL0079660,Limited Liability Company,Foreign,DE,3/10/2003,CSC-LAWYERS INCORPORATING SERVICE COMPANY
"A.S. & W. WHOLESALE OF KANSAS CITY, INC.",00173939,Gen. Business - For Profit,Domestic,MO,1/16/1975,Robert C Sanger
"A.S.P. ENTERPRISES, INC.",00225037,Gen. Business - For Profit,Domestic,MO,10/23/1980,"Hale, John"
AA ELECTRIC COMPANY,00314363,Gen. Business - For Profit,Domestic,MO,4/25/1988,William C. Durrett
"AA ERECTION, INC.",00275316,Gen. Business - For Profit,Domestic,MO,4/17/1985,TIMOTHY W. AKINS
AA MORTGAGE CORP.,00395389,Gen. Business - For Profit,Domestic,MO,4/29/1994,FIROOZ FARMAND
AAA BUILDERS SUPPLY COMPANY,00149900,Gen. Business - For Profit,Domestic,MO,9/7/1971,THOMAS A. MOORE
"AAA IMPORT SPECIALISTS, L.L.C.",LC0004391,Limited Liability Company,Domestic,MO,8/7/1995,WILLIAM J. JOHNSON
"AABS, INC.",00372596,Gen. Business - For Profit,Domestic,MO,10/27/1992,JOHN A. SCHLAUTMAN
"AAFP INSURANCE SERVICES, INC.",00221329,Gen. Business - For Profit,Domestic,MO,6/10/1980,"NATIONAL REGISTERED AGENTS, INC."
"AAI H Forest Park, LLC",LC1335735,Limited Liability Company,Domestic,MO,8/19/2013,"Tzinberg, Harold A."
AALCO SALVAGE COMPANY,00218987,Gen. Business - For Profit,Domestic,MO,3/18/1980,DANIEL HOCHMAN
AALCO WRECKING COMPANY INC.,00059035,Gen. Business - For Profit,Domestic,MO,11/5/1935,"Hochman, Daniel E "
AARP,E00056329,Nonprofit Corporation,Foreign,DC,4/9/1997,THE CORPORATION COMPANY
"AARROW BORING, INC.",00396232,Gen. Business - For Profit,Domestic,MO,5/19/1994,DWAIN V SCHMUCK
AB-EB INC.,00337399,Gen. Business - For Profit,Domestic,MO,2/14/1990,"STRONG, JOAN"
"ABA REAL PROPERTIES, INC.",00312521,Gen. Business - For Profit,Domestic,MO,3/7/1988,"Kirkland, Robert K."
"ABAGEE ENTERPRISES, INC.",00294254,Gen. Business - For Profit,Domestic,MO,10/9/1986,"MCGUINNESS, BARBARA"
ABB DE INC.,F00306606,Gen. Business - For Profit,Foreign,DE,9/14/1987,C T CORPORATION SYSTEM
Abba Adam's Apple L.L.C.,LC0067831,Limited Liability Company,Domestic,MO,7/15/2002,RONALD PARKS
ABBCO SERVICE CORPORATION,00123031,Gen. Business - For Profit,Domestic,MO,1/4/1967,ROBERT E. PIESKE
ABBEY-SIMONS CO.,00124985,Gen. Business - For Profit,Domestic,MO,6/27/1967,"Bono, Mike"
Abbott Residential Services LLC,LC0871915,Limited Liability Company,Domestic,MO,2/4/2008,"Abbott, Monte"
"ABBOTT TOOL AND DIE, INC.",00302993,Gen. Business - For Profit,Domestic,MO,6/3/1987,"Narzinski, Mary M"
"ABC ADVERTISING AGENCY, INC.",00332778,Gen. Business - For Profit,Domestic,MO,9/28/1989,MARTIN L. CRABTREE
"ABC CABLE PRODUCTS, L.L.C.",FL0012096,Limited Liability Company,Foreign,CO,3/26/1997,DONALD LYNCH
"ABC COMMUNICATIONS, INC.",F00434790,Gen. Business - For Profit,Foreign,NY,12/19/1996,CSC-LAWYERS INCORPORATING SERVICE COMPANY
"ABC ENTERTAINMENT, INC.",00324674,Gen. Business - For Profit,Domestic,MO,2/15/1989,TERRY L KLOCKE
"ABC MOVING & STORAGE CO., INC.",00115035,Gen. Business - For Profit,Domestic,MO,12/23/1964,"Martin, Stephen A."
"ABEC, INC.",F00517134,Gen. Business - For Profit,Foreign,PA,1/22/2003,"Burrell, Craig  "
ABEL REALTY COMPANY,00089179,Gen. Business - For Profit,Domestic,MO,3/4/1957,"Abel, Mark M."
"ABELES AND HOFFMAN, P.C.",P00226742,Professional Corporation,Domestic,MO,12/23/1980,RONALD G. ABELES
"ABELN & ASSOCIATES ARCHITECTS, P.C.",F00459227,Gen. Business - For Profit,Foreign,KS,8/12/1998,"Martin CPA, Guy"
ABENER ENERGIA CORP,F00889347,Gen. Business - For Profit,Foreign,,4/18/2008,"NATIONAL CORPORATE RESEARCH, LTD."
ABI CORPORATION,00141820,Gen. Business - For Profit,Domestic,MO,5/8/1970,Daniel J Bromley
"ABLE CARE HEALTH EQUIPMENT, INC.",00300393,Gen. Business - For Profit,Domestic,MO,3/23/1987,"Rizzuti, Phil"
ABLE ELECTRIC OF KANSAS CITY LLC,FL0040420,Limited Liability Company,Foreign,KS,6/27/2000,THOMAS SUPER
"ABMS, LLC",FL1354344,Limited Liability Company,Foreign,DE,11/5/2013,Registered Agents Inc.
"ABRASIVE BLASTING, INC.",00203978,Gen. Business - For Profit,Domestic,MO,9/18/1978,BRUCE A. WEBER
"Absolute Energy Solutions, llc",LC1173584,Limited Liability Company,Domestic,MO,9/29/2011,"Bischoff, Wade"
ABUNDANT LIFE ASSEMBLY OF GOD OF KENNETT,N00024208,Nonprofit Corporation,Domestic,MO,4/21/1980,"Johnson, Al  "
"ACACIA INVESTMENTS, INC.",00318975,Gen. Business - For Profit,Domestic,MO,9/1/1988,KENNETH E. HYATT
"ACADEMY 1740, INC.",00311298,Gen. Business - For Profit,Domestic,MO,2/3/1988,"NATIONAL REGISTERED AGENTS, INC."
Academy I LP,LF0697499,Limited Partnership,Foreign,TX,11/8/2005,C T CORPORATION SYSTEM
"Academy, Inc.",CC0475422,Close Corporation,Domestic,MO,10/18/1999,CHERYL WENDLING
Acar Real Estate Inc.,00541435,Gen. Business - For Profit,Domestic,MO,9/16/2003,"Acar, Dilek P."
"ACCENT ERECTION & MAINTENANCE COMPANY, INCORPORATED",00116984,Gen. Business - For Profit,Domestic,MO,6/18/1965,"Persell, Mike"
"ACCENT FURNITURE, INC.",00372646,Gen. Business - For Profit,Domestic,MO,10/28/1992,DENNIS BOYD
"Access Sales Associates, Inc.",00119390,Gen. Business - For Profit,Domestic,MO,1/25/1966,JULIUS M. OSWALD
ACCOUNTING PROFESSIONAL FINANCE & TAX SERVICE OF UNION INC.,00259668,Gen. Business - For Profit,Domestic,MO,1/3/1984,SYLVIA RUCK
"ACCREDO HEALTH GROUP, INC.",F00439198,Gen. Business - For Profit,Foreign,DE,3/28/1997,C T CORPORATION SYSTEM
"ACCU-BRAKE, INC.",00298935,Gen. Business - For Profit,Domestic,MO,2/17/1987,CHARLES TRETTER
"ACCU-CARE, INC.",00401058,Gen. Business - For Profit,Domestic,MO,9/19/1994,JACQUELINE B PHILLIPS
"ACCURATE ACCOUNTING & FINANCIAL SERVICES, INC.",00271031,Gen. Business - For Profit,Domestic,MO,12/14/1984,EDWARD R. CWIKLIN
"ACCURATE INDUSTRIAL PRODUCTS, INC.",00442762,Gen. Business - For Profit,Domestic,MO,6/23/1997,GLENN SIEMER
ACCURATE LAND TITLE COMPANY,00362626,Gen. Business - For Profit,Domestic,MO,2/11/1992,JOHN W. BRISCOE
"ACCURATE PEST MANAGEMENT, INC.",00373737,Gen. Business - For Profit,Domestic,MO,11/30/1992,Linda M Smithey
ACCURATE SCALE COMPANY,00165698,Gen. Business - For Profit,Domestic,MO,12/3/1973,Susan R Richards
"Accurate Title Company, L.L.C.",LC0560882,Limited Liability Company,Domestic,MO,12/30/2003,David A Kraft
ACE MANUFACTURING AND PARTS CO.,00090869,Gen. Business - For Profit,Domestic,MO,12/3/1957,KEVIN IJAMES
"Achieve Fitness, LLC",LC1032709,Limited Liability Company,Domestic,MO,2/4/2010,"Rogers, Terry"
"ACI PLASTICS, INC.",00125038,Gen. Business - For Profit,Domestic,MO,6/30/1967,SPRA Corp.
ACI WORLDWIDE CORP.,F00395991,Gen. Business - For Profit,Foreign,NE,5/13/1994,CSC-LAWYERS INCORPORATING SERVICE COMPANY
"Ackrit, Inc.",00303351,Gen. Business - For Profit,Domestic,MO,6/12/1987,RANA SEAL
ACM INTERNATIONAL,E00057567,Nonprofit Corporation,Foreign,OH,10/17/1997,"Doggett, Timothy"
"ACME DOCK SPECIALISTS, INC.",00108611,Gen. Business - For Profit,Domestic,MO,3/20/1963,"Lynch, Kaitlyn  "
ACME MUSIC COMPANY,00158617,Gen. Business - For Profit,Domestic,MO,12/18/1972,THOMAS M. COBB
ACME PRODUCTS COMPANY,00389198,Gen. Business - For Profit,Domestic,MO,12/15/1993,JAMES STROUD
"Acme Trading Post, LLC",FL0613710,Limited Liability Company,Foreign,NE,9/29/2004,"Austin, Herbert E"
"ACME TRUCK LINE, INC.",F00472126,Gen. Business - For Profit,Foreign,LA,7/19/1999,CSC-LAWYERS INCORPORATING SERVICE COMPANY
"ACORN-STILLWATER, L.L.C.",FL0001291,Limited Liability Company,Foreign,OK,8/8/1994,CLYDE W SARE
"ACTION ADJUSTMENT SERVICE, INC.",00274438,Gen. Business - For Profit,Domestic,MO,3/25/1985,ANN LEINN GIBSON
"ACTION AND LIFE PUBLICATIONS, INC.",E00064728,Nonprofit Corporation,Foreign,NM,8/15/2000,"Trujillo, Ray E."
"ACTION APPLIANCE SALES AND SERVICE, INC.",00178502,Gen. Business - For Profit,Domestic,MO,9/15/1975,"Scott, Lisa  "
"ACTION SALES AND RENTAL, INC.",00269365,Gen. Business - For Profit,Domestic,MO,10/19/1984,SYDNEY LAFLEN
Active Properties LLC,LC1393428,Limited Liability Company,Domestic,MO,4/12/2014,"Lake, Lynda Jean"
"AD HOC COMMUNICATIONS, LLC",LC0015858,Limited Liability Company,Domestic,MO,11/6/1997,JON GOODMAN
AD MAC INSURANCE INC.,00158376,Gen. Business - For Profit,Domestic,MO,12/6/1972,"McGhee, Bradley S."
"AD SYSTEMS, INC.",00229037,Gen. Business - For Profit,Domestic,MO,3/16/1981,KATHERINE NORRIS
"AD-CRAFT, INCORPORATED",00056668,Gen. Business - For Profit,Domestic,MO,8/14/1933,"Kaemmerer, Michael E."
"ADAM VIEW FARMS, INC.",00297745,Gen. Business - For Profit,Domestic,MO,1/15/1987,"Brandom, Boyd  "
"ADAMA, LTD.",00389447,Gen. Business - For Profit,Domestic,MO,12/20/1993,"FRANCIS E. PENNINGTON, III"
"ADAMS ARCHITECTURAL ASSOCIATES, P.C.",W00399708,Professional Corporation,Foreign,IL,8/12/1994,"Adams, Susan"
ADAMS AUTO CORP.,00143748,Gen. Business - For Profit,Domestic,MO,9/1/1970,ROBERT O. JESTER
"ADAMS STUDIO, INC.",00194163,Gen. Business - For Profit,Domestic,MO,8/29/1977,BCRA CO.
"Adapt of America, Inc.",00282216,Gen. Business - For Profit,Domestic,MO,11/6/1985,WILLIAM E HARRIS
"ADAPT OF MISSOURI, INC.",00239779,Gen. Business - For Profit,Domestic,MO,3/18/1982,WILLIAM E HARRIS
"ADCOCK-HENGES AND COMPANY, L.L.C.",LC0042985,Limited Liability Company,Domestic,MO,9/22/2000,MICHAEL E. HENGES
"ADD-A-HAND, INC.",00328638,Gen. Business - For Profit,Domestic,MO,5/31/1989,"Thuernau, Sheral"
"ADDICTION RECOVERY SERVICES, INC.",00405602,Gen. Business - For Profit,Domestic,MO,1/6/1995,TIMOTHY G. DONALDSON
"Adfast Missouri, Inc.",00427418,Gen. Business - For Profit,Domestic,MO,6/7/1996,CSC-LAWYERS INCORPORATING SERVICE COMPANY
"ADGT Properties and Design, LLC",LC1033746,Limited Liability Company,Domestic,MO,2/8/2010,"Seigfreid Bingham, P.C."
"ADLER'S JEWELERS, INC.",00153969,Gen. Business - For Profit,Domestic,MO,4/11/1972,"RECHTIEN, RICK  "
ADM Insurance Company,O00002796,Insurance Company,Foreign,AZ,8/28/1997,(Regulated by the MO Division of Insurance)
"ADMIRAL LIMOUSINE SERVICE, LTD.",00294032,Gen. Business - For Profit,Domestic,MO,10/3/1986,JOHN R. CLEVELAND
"ADMO, INC.",00284621,Gen. Business - For Profit,Domestic,MO,1/17/1986,"Shroyer, John Daniel "
ADOLPH & CERESIA PRODUCE CO.,00079969,Gen. Business - For Profit,Domestic,MO,12/29/1952,RICHARD A. GALLAHER
Adoration Marriage Ceremonies LLC,LC1214508,Limited Liability Company,Domestic,MO,3/22/2012,"Suarez, Matthew Bryan"
ADRIAN BANK,K00002485,Bank,Domestic,MO,10/18/1932,####
"ADRIAN ENTERPRISES, INC.",00240674,Gen. Business - For Profit,Domestic,MO,4/16/1982,MARY E. L. ADRIAN
"ADRIAN SENIOR CITIZENS, INC.",N00007965,Nonprofit Corporation,Domestic,MO,1/25/1968,"James, Anna Lee "
"ADVANCE TRANSPORT, INC.",00386756,Gen. Business - For Profit,Domestic,MO,10/12/1993,JAMES WATTS
"Advanced Automotive and Towing, LLC",LC0807884,Limited Liability Company,Domestic,MO,4/9/2007,"Sharon, Michael Jay"
"ADVANCED AUTOMOTIVE, INC.",00321609,Gen. Business - For Profit,Domestic,MO,11/18/1988,DAVID WIRICK
"ADVANCED BUILDERS, INC.",00255274,Gen. Business - For Profit,Domestic,MO,8/19/1983,DAN HALE
"ADVANCED CHIMNEY TECHNIQUES, INC.",00293864,Gen. Business - For Profit,Domestic,MO,9/30/1986,"MEDLIN, BOBBY  "
"ADVANCED DURABLE MEDICAL, INC.",00427043,Gen. Business - For Profit,Domestic,MO,5/29/1996,"Caputa, Steven G"
"ADVANCED GOLD & SILVER PLATING, INC.",00356889,Gen. Business - For Profit,Domestic,MO,9/3/1991,"King, Christie  M "
"ADVANCED HOME THERAPEUTICS OF KANSAS CITY, L.P.",LF0000381,Limited Partnership,Foreign,TX,5/11/1987,C T CORPORATION SYSTEM
Advanced Integrative Health Alliance LLC,LC1060340,Limited Liability Company,Domestic,MO,5/24/2010,"Gitonga, Ann"
"ADVANCED JIFFY MACHINE PRODUCTS, INC.",00225571,Gen. Business - For Profit,Domestic,MO,11/12/1980,KEVIN J. JACKSON
"Advanced Medical Alert, L.L.C.",LC0064221,Limited Liability Company,Domestic,MO,4/24/2002,GALEN R. HARPER
"ADVANCED NURSING SERVICES, INC.",00267845,Gen. Business - For Profit,Domestic,MO,8/31/1984,MARGARET L. HOLTMAN
"ADVANCED PLUMBING & HEATING, INC.",00253354,Gen. Business - For Profit,Domestic,MO,6/17/1983,"Hanlan, Michael"
Advanced Signs and Graphics LLC,LC0878143,Limited Liability Company,Domestic,MO,3/3/2008,"Lane, Waldo"
"ADVANCED STAFFING, INC.",F00513406,Gen. Business - For Profit,Foreign,NE,9/27/2002,CSC-LAWYERS INCORPORATING SERVICE COMPANY
"ADVANCED STRUCTURAL TECHNOLOGY, INC.",00220088,Gen. Business - For Profit,Domestic,MO,4/23/1980,WILLIAM T. FUJIMOTO
ADVANTAGE ONE FINANCIAL INC.,F00509913,Gen. Business - For Profit,Foreign,PA,6/12/2002,CSC-LAWYERS INCORPORATING SERVICE COMPANY
"Advantage Safety Equipment, LLC",LC1179967,Limited Liability Company,Domestic,MO,10/28/2011,"Spencer, John Jacob"
"ADVERTISING SAVANTS, INC.",00358408,Gen. Business - For Profit,Domestic,MO,10/16/1991,WILLIAM T. DOWD
"AEGIS CELLULAR GROUP, L.P.",LF0004637,Limited Partnership,Foreign,CA,4/9/1992,C T CORPORATION SYSTEM
"Aegis Investment Group IV, L.L.C.",LC1008948,Limited Liability Company,Domestic,MO,11/6/2009,"Dresner, Steven"
AERO ENGINEERING INC,00375389,Gen. Business - For Profit,Domestic,MO,1/7/1993,J. LEWIS OSMAN
"Aero Networks, LLC",FL1326500,Limited Liability Company,Foreign,OK,7/8/2013,"Gilbert, Tony"
"AERO TRANSPORTATION PRODUCTS, INC.",00205138,Gen. Business - For Profit,Domestic,MO,11/1/1978,CSC-LAWYERS INCORPORATING SERVICE COMPANY
"AEROFIL TECHNOLOGY, INC.",00306482,Gen. Business - For Profit,Domestic,MO,9/9/1987,C T CORPORATION SYSTEM
"AEROMET ENGINEERING, INC.",00380251,Gen. Business - For Profit,Domestic,MO,4/29/1993,THOMAS SCHEPPERS
Aesynt Incorporated,F00415313,Gen. Business - For Profit,Foreign,PA,8/18/1995,CSC-LAWYERS INCORPORATING SERVICE COMPANY
"AETNA HEALTH MANAGEMENT, LLC",FL0074989,Limited Liability Company,Foreign,DE,12/16/2002,C T CORPORATION SYSTEM
AFFILIATED ACCEPTANCE CORPORATION,00331466,Gen. Business - For Profit,Domestic,MO,8/21/1989,LEGALINC CORPORATE SERVICES INC.
"AFFILIATED GROUP, INC.",00052543,Gen. Business - For Profit,Domestic,MO,7/11/1930,"MacLaughlin , James  G"
AFFILIATED REAL ESTATE APPRAISERS CO.,00164799,Gen. Business - For Profit,Domestic,MO,10/11/1973,"Clabaugh, Stephen E."
"AFFINA BROKERAGE SERVICES, LLC",FL0049128,Limited Liability Company,Foreign,NY,3/23/2001,CORPORATION SERVICE COMPANY
"AFFINITY GROUP AGENCY, INC.",F00468564,Gen. Business - For Profit,Foreign,VA,4/19/1999,UNITED CORPORATE SERVICES
"Affordable Benefit Solutions, LLC",LC1282915,Limited Liability Company,Domestic,MO,1/14/2013,"Luck, Lisa M"
AFFORDABLE SUPERIOR SURVEYLANCE & SATTELITE LLC,LC1217882,Limited Liability Company,Domestic,MO,4/3/2012,"DANLEY, MICHAEL"
"AFFTON AUTO RADIATOR AND AIR CONDITIONING SERVICE, INC.",00216159,Gen. Business - For Profit,Domestic,MO,12/5/1979,WILLIAM E. RICKERMANN
"AFLA PRODUCTS, INC.",00274020,Gen. Business - For Profit,Domestic,MO,3/13/1985,"Milligan, William"
African-American Chamber of Commerce of Metropolitan St. Louis Foundation,N00712858,Nonprofit Corporation,Domestic,MO,1/27/2006,EVELYN H. PRESTON
"AFSHARI ENTERPRISES, INC.",00123106,Gen. Business - For Profit,Domestic,MO,1/11/1967,JOSEPH P. AFSHARI
"AG TECHNOLOGY, INC.",00310368,Gen. Business - For Profit,Domestic,MO,1/8/1988,WESLEY E MCQUOWN
"AGA, Inc.",00467044,Gen. Business - For Profit,Domestic,MO,3/12/1999,"CEN REGISTERED AGENT, INC."
AGCO CORPORATION,F00365367,Gen. Business - For Profit,Foreign,DE,4/20/1992,CSC-LAWYERS INCORPORATING SERVICE COMPANY
"AGE PARTNERS, LLC",LC0025949,Limited Liability Company,Domestic,MO,2/25/1999,"Higgins, Tara J. "
Agents Alliance Services Limited Partnership,LF1218500,Limited Partnership,Foreign,TX,4/5/2012,C T CORPORATION SYSTEM
"AGF, INC.",00279006,Gen. Business - For Profit,Domestic,MO,8/1/1985,CARL H. ETTLINGER
"AGH, Inc.",00123564,Gen. Business - For Profit,Domestic,MO,2/23/1967,PAUL C. BRUCE
"AGLER & GAEDDERT, CHARTERED, P.C.",W00515186,Professional Corporation,Foreign,KS,11/8/2002,TONY LYNN
AGMO CORPORATION,00085870,Gen. Business - For Profit,Domestic,MO,9/29/1955,MO. FARMERS ASSOCIATION INC.
AGOSTINO'S RESTAURANT INCORPORATED,00161715,Gen. Business - For Profit,Domestic,MO,5/11/1973,PAUL GABRIELE
"AGRI SERVICES OF LEBANON, INC.",00330915,Gen. Business - For Profit,Domestic,MO,8/3/1989,THOMAS J. O'NEIL
"AGRI-CONCERNS, INC.",00387158,Gen. Business - For Profit,Domestic,MO,10/20/1993,BYRON FINK
"Agri-Med Veterinary Clinic, Inc",00358123,Gen. Business - For Profit,Domestic,MO,10/7/1991,DR. WILLIAM WOMMACK
"AGRI-TECH, INC.",00084176,Gen. Business - For Profit,Domestic,MO,1/24/1955,A. OVERTON DURRETT
AGVENTURE INCORPORATED OF MISSOURI,F01257970,Gen. Business - For Profit,Foreign,IN,9/10/2012,C T CORPORATION SYSTEM
"AHC I, L.L.C.",LC0003858,Limited Liability Company,Domestic,MO,6/6/1995,STEVEN KERENS
"AHCO CORE FUND, LLC",LC0024386,Limited Liability Company,Domestic,MO,12/23/1998,LEE. R. HOAGLAND
"AHMED MADI, M.D., PC",W01185263,Professional Corporation,Foreign,KS,11/18/2011,"NEDS, ROBERT G.  "
"AHRENS CONTRACTING, INC.",00255622,Gen. Business - For Profit,Domestic,MO,8/31/1983,"Bell, Robin R"
AIDS PROJECT OF THE OZARKS,N00033878,Nonprofit Corporation,Domestic,MO,10/30/1985,LYNNE MEYERKORD
"AIELLO HOMES, INC.",00392666,Gen. Business - For Profit,Domestic,MO,2/28/1994,"Stahlschmidt, Mary"
"AILCO EQUIPMENT FINANCE GROUP, INC.",F00545816,Gen. Business - For Profit,Foreign,WI,9/22/2003,COGENCY GLOBAL INC.
"AIR HOST OZARK, INC.",00157363,Gen. Business - For Profit,Domestic,MO,10/10/1972,C T CORPORATION SYSTEM
"AIR, LAND, AND SEA EXPRESS, INC.",00265071,Gen. Business - For Profit,Domestic,MO,6/4/1984,"DAVID A. BARKEY, JR."
"AIR-AIDS, INC.",00127767,Gen. Business - For Profit,Domestic,MO,2/7/1968,RICHARD READE
"AIRES PACKAGING, INC.",00253093,Gen. Business - For Profit,Domestic,MO,6/10/1983,"Melburn, Charles Thomas"
"AIRLINE ASHTRAYS, INC.",00270869,Gen. Business - For Profit,Domestic,MO,12/10/1984,COGENCY GLOBAL INC.
"AIRLINE OVENS, INC.",00283820,Gen. Business - For Profit,Domestic,MO,12/26/1985,COGENCY GLOBAL INC.
"AIRPORT ACRES, INC.",00088852,Gen. Business - For Profit,Domestic,MO,1/9/1957,LARRY C. HEMPEL
"AIRPORT REALTY ASSOCIATES, LIMITED PARTNERSHIP",LF0003548,Limited Partnership,Foreign,DE,2/20/1990,(Secretary of State)
"AIRPORT TRAILER SALES AND RENTALS, INC.",00117872,Gen. Business - For Profit,Domestic,MO,9/13/1965,GLENN A. THOMAS
AirTech of Missouri LLC,FL1381284,Limited Liability Company,Foreign,DE,2/27/2014,C T CORPORATION SYSTEM
"AIRWAY FLIGHT SERVICE, INC.",00161384,Gen. Business - For Profit,Domestic,MO,4/27/1973,"King, Robert R."
"AIS INSURANCE AGENCY, INC.",F00313984,Gen. Business - For Profit,Foreign,WA,4/14/1988,CORPORATION SERVICE COMPANY
AIU INSURANCE COMPANY,O00000215,Insurance Company,Foreign,NY,2/14/1905,(Regulated by the MO Division of Insurance)
"AJB PROPERTIES, LTD., L.P.",LF0009443,Limited Partnership,Foreign,FL,5/19/1998,DAVID B MANDELBAUM
"AK Employer Services, LLC",FL1271145,Limited Liability Company,Foreign,TN,11/20/2012,COGENCY GLOBAL INC.
"AK Management of Columbia MO, LLC",FL1280802,Limited Liability Company,Foreign,IA,1/4/2013,(Secretary of State)
AKERS CONSTRUCTION CO.,00390359,Gen. Business - For Profit,Domestic,MO,1/6/1994,"Rew, Jason K "
"AKERS FERRY CANOE RENTAL, INC.",00150305,Gen. Business - For Profit,Domestic,MO,9/28/1971,DWIGHT MAGGARD
"AKINS HEALTH CARE, INC.",00256647,Gen. Business - For Profit,Domestic,MO,9/30/1983,ANNIE P. AKINS
Aktarius LLC,LC1176161,Limited Liability Company,Domestic,MO,10/11/2011,"Missouri Business Services, Inc."
"AL J. BADER COMPANY, INC.",00054647,Gen. Business - For Profit,Domestic,MO,1/19/1932,WILLIAM C. ABBOTT
"AL'S RESTAURANT, INC.",00129901,Gen. Business - For Profit,Domestic,MO,7/1/1968,"Neal, Mary Pamela"
"ALADDIN TRAVEL AGENCY, INC.",00373637,Gen. Business - For Profit,Domestic,MO,11/25/1992,ROSALIE A HOSFELD
ALAMO EQUIPMENT CO.,00380327,Gen. Business - For Profit,Domestic,MO,4/30/1993,"Morris, Glen"
"ALAN INVESTMENT I, LLC",FL0078764,Limited Liability Company,Foreign,KS,2/25/2003,KENT HILLARD
"ALAN T. LYNN, INC.",00147350,Gen. Business - For Profit,Domestic,MO,4/1/1971,ALAN LYNN
ALBARRE' LTD,00181649,Gen. Business - For Profit,Domestic,MO,2/23/1976,BARRY S. SHERMAN
"ALBER FARM AND LIVESTOCK CENTER, INC.",00161218,Gen. Business - For Profit,Domestic,MO,4/19/1973,DR. C.L. ALBER
"ALBERT ARNO, INCORPORATED",00111385,Gen. Business - For Profit,Domestic,MO,1/8/1964,"Grieshaber, Mark"
ALBERT TAMM LUMBER COMPANY,00076825,Gen. Business - For Profit,Domestic,MO,12/28/1950,"Arney, Donald E."
"ALBERT VALLEY FARMS, INC.",00339244,Gen. Business - For Profit,Domestic,MO,4/4/1990,TERRY DAME
"ALERT INCOME PARTNERS III, LIMITED PARTNERSHIP",LF0003384,Limited Partnership,Foreign,CO,11/7/1989,C T CORPORATION SYSTEM
Alex's Landscaping LLC,LC1305032,Limited Liability Company,Domestic,MO,4/8/2013,"Romanov, Alexander"
Alex. Brown Insurance Agency Incorporated,F00416931,Gen. Business - For Profit,Foreign,MD,9/29/1995,C T CORPORATION SYSTEM
ALEXANDER LAND & CATTLE COMPANY,00197544,Gen. Business - For Profit,Domestic,MO,1/12/1978,RICHARD N. BROWN
Alexander Thompson Arnold LLC,FL0018933,Limited Liability Company,Foreign,TN,4/6/1998,"REGISTERED AGENT SOLUTIONS, INC."
ALEXANDER TIRE COMPANY,00262669,Gen. Business - For Profit,Domestic,MO,3/27/1984,"Alexander, Michael"
"ALEXANDER-RICHARDSON INVESTMENTS, INC.",00250298,Gen. Business - For Profit,Domestic,MO,3/18/1983,DANIEL K. BARKLAGE
"ALG TRANSPORTATION, INC.",00287154,Gen. Business - For Profit,Domestic,MO,3/24/1986,HOWARD D LAY
ALGONQUIN GOLF CLUB,00015837,Gen. Business - For Profit,Domestic,MO,7/1/1903,C T CORPORATION SYSTEM
"ALIGNMENT SPECIALISTS, INC.",00230377,Gen. Business - For Profit,Domestic,MO,4/27/1981,JAMES R. CHRISTIANSEN
ALL AMERICAN GROUP LIMITED PARTNERSHIP I,LF0005151,Limited Partnership,Foreign,DE,4/5/1993,C T CORPORATION SYSTEM
"ALL AMERICAN INSURANCE SERVICES, INC.",F00390849,Gen. Business - For Profit,Foreign,NE,1/19/1994,(Secretary of State)
"ALL BRITE AUTO CLEANUP, INC.",00287602,Gen. Business - For Profit,Domestic,MO,4/4/1986,"DEER, ELIZABETH W. "
ALL HEALTH CORPORATION,00304221,Gen. Business - For Profit,Domestic,MO,7/6/1987,JEROME S. KRAUS
"ALL PRO AUTOMOTIVE, INC.",00390317,Gen. Business - For Profit,Domestic,MO,1/5/1994,FREDERICK ROGER HALL
"ALL PRO Mechanical and General Contractor, LLC",LC1077125,Limited Liability Company,Domestic,MO,8/9/2010,"Hadley, Donnell"
"ALL SEASONS PARTY RENTAL, INC.",00229726,Gen. Business - For Profit,Domestic,MO,4/6/1981,CSC-LAWYERS INCORPORATING SERVICE COMPANY
"ALL STAR AWARDS & AD SPECIALTIES, INC.",00191771,Gen. Business - For Profit,Domestic,MO,5/19/1977,CHARLES D. VOGT
"ALL-CRAFT, INC.",00369444,Gen. Business - For Profit,Domestic,MO,8/4/1992,DARLENE PEDROLEY
"ALL-TYPE PARTS & EQUIPMENT, INC.",00312414,Gen. Business - For Profit,Domestic,MO,3/4/1988,TERESA R. GRINDSTAFF
"ALLAN ASSOCIATES ARCHITECTS, LLC",FL1341286,Limited Liability Company,Foreign,TN,9/10/2013,C T CORPORATION SYSTEM
Allay OCD LLC,LC1160116,Limited Liability Company,Domestic,MO,8/3/2011,"UNITED STATES CORPORATION AGENTS, INC."
ALLDATA LLC,FL0024308,Limited Liability Company,Foreign,NV,12/21/1998,C T CORPORATION SYSTEM
Allen Christian Buick GMC Inc.,00108889,Gen. Business - For Profit,Domestic,MO,4/22/1963,ALLEN CHRISTIAN
ALLEN DAVIS COMPANY,00115411,Gen. Business - For Profit,Domestic,MO,1/26/1965,"Bradley, Thomas B. "
"ALLEN EQUITY GROUP, LLC",FL0057574,Limited Liability Company,Foreign,KS,11/20/2001,JEROD ALLEN
"ALLEN EXPRESS, INC.",00393906,Gen. Business - For Profit,Domestic,MO,3/28/1994,DANIEL K BARKLAGE
"Allen Outdoor Solutions, Inc.",CC0380060,Close Corporation,Domestic,MO,4/26/1993,STEVEN ALLEN
"ALLEN SCLAROFF, D.D.S., P.C.",P00233050,Professional Corporation,Domestic,MO,7/23/1981,ALLEN SCLAROFF
"ALLERGY ASSOCIATES, INC.",00157058,Gen. Business - For Profit,Domestic,MO,9/22/1972,"DANKNER, RAND E. M.D."
ALLIANCE BANK,K00002855,Bank,Domestic,MO,9/29/1997,(Regulated by the Division of Finance)
"Alliance Incentives & Meetings, LLC",LC0958063,Limited Liability Company,Domestic,MO,3/31/2009,"Reams, Robert P."
"ALLIANCE RADIOLOGY, P.C.",W00488777,Professional Corporation,Foreign,KS,9/27/2000,"SPENSERV, INC."
"ALLIED AVIATION SERVICE COMPANY OF KANSAS CITY, INC.",00200584,Gen. Business - For Profit,Domestic,MO,5/9/1978,UNITED STATES CORPORATION CO
"ALLIED ELECTRICAL CONTRACTING, INC.",00341047,Gen. Business - For Profit,Domestic,MO,5/24/1990,RICHARD E. RAJNOHA
ALLIED INTERNATIONAL CREDIT CORPORATION US,F00487536,Gen. Business - For Profit,Foreign,DE,9/1/2000,CSC-LAWYERS INCORPORATING SERVICE COMPANY
ALLIED TUBE & CONDUIT CORPORATION,F00255690,Gen. Business - For Profit,Foreign,DE,9/2/1983,C T CORPORATION SYSTEM
Allied World Specialty Insurance Company,O00001736,Insurance Company,Foreign,MD,10/19/1973,(Regulated by the MO Division of Insurance)
"ALLMARK INSURANCE AGENCY , LLC",FL0029524,Limited Liability Company,Foreign,DE,6/30/1999,C T CORPORATION SYSTEM
"ALLMETAL PRODUCTS, INC.",00309860,Gen. Business - For Profit,Domestic,MO,12/23/1987,"Henderson, Kendra N. "
"ALLOY VALVE COMPANY, INC.",00244932,Gen. Business - For Profit,Domestic,MO,9/16/1982,"Teel, Trace  "
ALLTECH CORP.,F00313832,Gen. Business - For Profit,Foreign,MN,4/11/1988,"NATIONAL REGISTERED AGENTS, INC."
"ALLWAYS KARE RESIDENTIAL FACILITY, INC.",00277373,Gen. Business - For Profit,Domestic,MO,6/14/1985,DONALD T CROSS
"ALMA EQUIPMENT CO., INC.",00111958,Gen. Business - For Profit,Domestic,MO,3/2/1964,ROBERT B. MORGENTHALER
ALOFA TUNOA PENTECOSTAL DENOMINATION INC,E00069585,Nonprofit Corporation,Foreign,CA,6/25/2002,"LoLogo, Ane F. "
"ALPER DISPERSIONS COMPANY, L.L.C.",FL0010967,Limited Liability Company,Foreign,DE,1/16/1997,"NATIONAL REGISTERED AGENTS, INC."
"ALPHA CAR CARE, INC.",00342408,Gen. Business - For Profit,Domestic,MO,7/2/1990,CHARLES G. SHELTON
"ALPHA CONCRETE CONSTRUCTION, INC.",00338781,Gen. Business - For Profit,Domestic,MO,3/22/1990,"Slone, Edwina"
ALPHA FOUNDRY CO.,00099760,Gen. Business - For Profit,Domestic,MO,8/10/1960,EMERSON S. BARRON
"ALPHA-OMEGA INDUSTRIES, INC.",00348120,Gen. Business - For Profit,Domestic,MO,12/27/1990,BRYAN L. GILBERT
ALPINE BROADCASTING CORPORATION,00383451,Gen. Business - For Profit,Domestic,MO,7/16/1993,Peter E Schartel
"ALROK FARMS, INC.",00176094,Gen. Business - For Profit,Domestic,MO,5/12/1975,DENNIS L. ROBERTSON
ALTAMAM TRUCKING LLC,LC1140553,Limited Liability Company,Domestic,MO,5/10/2011,"Altamam, Adam  "
ALTER REALTY CO.,00137643,Gen. Business - For Profit,Domestic,MO,9/2/1969,STEVEN M. STONE
"ALTERNATIVE DISTRIBUTION SYSTEMS, LLC",FL0059016,Limited Liability Company,Foreign,DE,12/26/2001,TRUPIN & ASOCIATES INC
"ALTERNATIVE SOLUTIONS, INC.",00363079,Gen. Business - For Profit,Domestic,MO,2/24/1992,JULIUS Z. FRAGER
"ALTERNATIVES IN ENGINEERING, INC.",00340748,Gen. Business - For Profit,Domestic,MO,5/16/1990,"Warmann, Susan L."
ALTHOFF CONTRACTING INC.,00208087,Gen. Business - For Profit,Domestic,MO,2/23/1979,"Althoff, Dorothy"
ALTMAN-CHARTER COMPANY,00138156,Gen. Business - For Profit,Domestic,MO,10/3/1969,"GOLDENBERG, MARK C"
ALTON AREA CHAMBER OF COMMERCE,N00055130,Nonprofit Corporation,Domestic,MO,9/12/1996,"SLAUGHTER, DINAH"
"ALTON EQUIPMENT RENTAL AND SUPPLY, INC.",00203791,Gen. Business - For Profit,Domestic,MO,9/11/1978,MR. WERNER LORENSCHEIT
"ALTRUSA INTERNATIONAL OF POPLAR BLUFF, MISSOURI, INC.",N00008751,Nonprofit Corporation,Domestic,MO,11/12/1968,"Davenport, Shirley  "
"ALTRUSA INTERNATIONAL OF ST. LOUIS MISSOURI FOUNDATION, INC.",N00036644,Nonprofit Corporation,Domestic,MO,5/22/1987,C T CORPORATION SYSTEM
